"","Location","AgeGroup","TimeFrame","Data"
"1","Vermont","Total","2001",579
"2","Utah","Total","2001",2007
"3","Texas","Total","2001",8858
"4","Ohio","Total","2001",14106
"5","Indiana","Total","2001",4748
"6","Georgia","Total","2001",7250
"7","Connecticut","Total","2001",1932
"8","Colorado","Total","2001",5181
"9","California","Total","2001",44059
"10","Arizona","Total","2001",4725
"11","Vermont","Total","2003",760
"12","Utah","Total","2003",1819
"13","Texas","Total","2003",10245
"14","Ohio","Total","2003",14411
"15","Indiana","Total","2003",4846
"16","Georgia","Total","2003",9942
"17","Connecticut","Total","2003",2123
"18","Colorado","Total","2003",7235
"19","California","Total","2003",44304
"20","Arizona","Total","2003",4782
"21","Arizona","Total","2006",7138
"22","California","Total","2006",40137
"23","Colorado","Total","2006",6847
"24","Connecticut","Total","2006",1948
"25","Georgia","Total","2006",10506
"26","Indiana","Total","2006",6706
"27","Ohio","Total","2006",11241
"28","Texas","Total","2006",14695
"29","Utah","Total","2006",1952
"30","Vermont","Total","2006",729
"31","Vermont","Total","2007",661
"32","Utah","Total","2007",1768
"33","Texas","Total","2007",15847
"34","Ohio","Total","2007",10972
"35","Indiana","Total","2007",7423
"36","Georgia","Total","2007",9605
"37","Connecticut","Total","2007",3150
"38","Colorado","Total","2007",6521
"39","California","Total","2007",42460
"40","Arizona","Total","2007",7332
"41","Vermont","Total","2013",634
"42","Utah","Total","2013",2165
"43","Texas","Total","2013",16658
"44","Ohio","Total","2013",9212
"45","Indiana","Total","2013",6449
"46","Georgia","Total","2013",5935
"47","Connecticut","Total","2013",1521
"48","Colorado","Total","2013",4632
"49","California","Total","2013",29052
"50","Arizona","Total","2013",9455
"51","Arizona","Total","2010",7180
"52","California","Total","2010",33511
"53","Colorado","Total","2010",5831
"54","Connecticut","Total","2010",2652
"55","Georgia","Total","2010",6438
"56","Indiana","Total","2010",8883
"57","Ohio","Total","2010",8921
"58","Texas","Total","2010",13702
"59","Utah","Total","2010",2042
"60","Vermont","Total","2010",653
"61","Vermont","Total","2015",713
"62","Utah","Total","2015",2404
"63","Texas","Total","2015",17493
"64","Ohio","Total","2015",9328
"65","Indiana","Total","2015",7898
"66","Georgia","Total","2015",6512
"67","Colorado","Total","2015",4761
"68","Connecticut","Total","2015",1423
"69","California","Total","2015",31501
"70","Arizona","Total","2015",10819
"71","Arizona","Total","2011",7259
"72","California","Total","2011",31810
"73","Colorado","Total","2011",5433
"74","Connecticut","Total","2011",2085
"75","Georgia","Total","2011",5612
"76","Indiana","Total","2011",8600
"77","Ohio","Total","2011",9469
"78","Texas","Total","2011",15717
"79","Utah","Total","2011",2153
"80","Vermont","Total","2011",542
"81","Arizona","Total","2017",11866
"82","California","Total","2017",28539
"83","Colorado","Total","2017",4834
"84","Connecticut","Total","2017",1502
"85","Georgia","Total","2017",6891
"86","Indiana","Total","2017",11166
"87","Ohio","Total","2017",10234
"88","Utah","Total","2017",2106
"89","Texas","Total","2017",18167
"90","Vermont","Total","2017",745
"91","Texas","Total","2019",19658
"92","Utah","Total","2019",2080
"93","Vermont","Total","2019",743
"94","Ohio","Total","2019",10954
"95","Indiana","Total","2019",10896
"96","Georgia","Total","2019",7309
"97","Connecticut","Total","2019",1624
"98","Colorado","Total","2019",4355
"99","California","Total","2019",25537
"100","Arizona","Total","2019",9358
